cs_run,exp_id,expname,ref_exp_id,ref_expname,pair_method,station_idx,window_start,window_end,phase_rate,process_label,mean_rate_diff,positive_fraction
cs-eriswil__20260210_113944,0,20260210113944,3,20260210114519,same_shape,0,2023-01-25T12:30:00,2023-01-25T12:32:30,rate_N_F,Aggregation (ice),,0.0
cs-eriswil__20260210_113944,0,20260210113944,3,20260210114519,same_shape,0,2023-01-25T12:30:00,2023-01-25T12:32:30,rate_N_F,Contact Freezing (ice),,0.0
cs-eriswil__20260210_113944,0,20260210113944,3,20260210114519,same_shape,0,2023-01-25T12:30:00,2023-01-25T12:32:30,rate_N_F,Deposition (ice),,0.0
cs-eriswil__20260210_113944,0,20260210113944,3,20260210114519,same_shape,0,2023-01-25T12:30:00,2023-01-25T12:32:30,rate_N_F,Melting (ice),,0.0
cs-eriswil__20260210_113944,0,20260210113944,3,20260210114519,same_shape,0,2023-01-25T12:30:00,2023-01-25T12:32:30,rate_N_F,Riming (ice),,0.0
cs-eriswil__20260210_113944,0,20260210113944,3,20260210114519,same_shape,0,2023-01-25T12:30:00,2023-01-25T12:32:30,rate_N_W,Breakup (liq),,0.0
cs-eriswil__20260210_113944,0,20260210113944,3,20260210114519,same_shape,0,2023-01-25T12:30:00,2023-01-25T12:32:30,rate_N_W,Condensation (liq),,0.0
cs-eriswil__20260210_113944,0,20260210113944,3,20260210114519,same_shape,0,2023-01-25T12:30:00,2023-01-25T12:32:30,rate_N_W,Drop Collision (liq),,0.0
cs-eriswil__20260210_113944,0,20260210113944,3,20260210114519,same_shape,0,2023-01-25T12:30:00,2023-01-25T12:32:30,rate_N_W,Drop Ins Collision (liq),,0.0
cs-eriswil__20260210_113944,0,20260210113944,3,20260210114519,same_shape,0,2023-01-25T12:30:00,2023-01-25T12:32:30,rate_N_W,Homogeneous Freezing (liq),,0.0
cs-eriswil__20260210_113944,0,20260210113944,3,20260210114519,same_shape,0,2023-01-25T12:30:00,2023-01-25T12:32:30,rate_N_W,Immersion Freezing (liq),,0.0
cs-eriswil__20260210_113944,0,20260210113944,3,20260210114519,same_shape,0,2023-01-25T12:30:00,2023-01-25T12:32:30,rate_N_W,Melting (liq),,0.0
cs-eriswil__20260210_113944,0,20260210113944,3,20260210114519,same_shape,0,2023-01-25T12:30:00,2023-01-25T12:32:30,rate_N_W,Riming (liq),,0.0
cs-eriswil__20260210_113944,2,20260210114328,1,20260210114136,same_shape,0,2023-01-25T12:30:00,2023-01-25T12:32:30,rate_N_F,Aggregation (ice),,0.0
cs-eriswil__20260210_113944,2,20260210114328,1,20260210114136,same_shape,0,2023-01-25T12:30:00,2023-01-25T12:32:30,rate_N_F,Contact Freezing (ice),,0.0
cs-eriswil__20260210_113944,2,20260210114328,1,20260210114136,same_shape,0,2023-01-25T12:30:00,2023-01-25T12:32:30,rate_N_F,Deposition (ice),,0.0
cs-eriswil__20260210_113944,2,20260210114328,1,20260210114136,same_shape,0,2023-01-25T12:30:00,2023-01-25T12:32:30,rate_N_F,Melting (ice),,0.0
cs-eriswil__20260210_113944,2,20260210114328,1,20260210114136,same_shape,0,2023-01-25T12:30:00,2023-01-25T12:32:30,rate_N_F,Riming (ice),,0.0
cs-eriswil__20260210_113944,2,20260210114328,1,20260210114136,same_shape,0,2023-01-25T12:30:00,2023-01-25T12:32:30,rate_N_W,Breakup (liq),,0.0
cs-eriswil__20260210_113944,2,20260210114328,1,20260210114136,same_shape,0,2023-01-25T12:30:00,2023-01-25T12:32:30,rate_N_W,Condensation (liq),,0.0
cs-eriswil__20260210_113944,2,20260210114328,1,20260210114136,same_shape,0,2023-01-25T12:30:00,2023-01-25T12:32:30,rate_N_W,Drop Collision (liq),,0.0
cs-eriswil__20260210_113944,2,20260210114328,1,20260210114136,same_shape,0,2023-01-25T12:30:00,2023-01-25T12:32:30,rate_N_W,Drop Ins Collision (liq),,0.0
cs-eriswil__20260210_113944,2,20260210114328,1,20260210114136,same_shape,0,2023-01-25T12:30:00,2023-01-25T12:32:30,rate_N_W,Homogeneous Freezing (liq),,0.0
cs-eriswil__20260210_113944,2,20260210114328,1,20260210114136,same_shape,0,2023-01-25T12:30:00,2023-01-25T12:32:30,rate_N_W,Immersion Freezing (liq),,0.0
cs-eriswil__20260210_113944,2,20260210114328,1,20260210114136,same_shape,0,2023-01-25T12:30:00,2023-01-25T12:32:30,rate_N_W,Melting (liq),,0.0
cs-eriswil__20260210_113944,2,20260210114328,1,20260210114136,same_shape,0,2023-01-25T12:30:00,2023-01-25T12:32:30,rate_N_W,Riming (liq),,0.0
cs-eriswil__20260211_194236,2,20260211194619,1,20260211194427,same_shape,0,2023-01-25T12:30:00,2023-01-25T12:32:30,rate_N_F,Aggregation (ice),0.0,0.0
cs-eriswil__20260211_194236,2,20260211194619,1,20260211194427,same_shape,0,2023-01-25T12:30:00,2023-01-25T12:32:30,rate_N_F,Contact Freezing (ice),0.0,0.0
cs-eriswil__20260211_194236,2,20260211194619,1,20260211194427,same_shape,0,2023-01-25T12:30:00,2023-01-25T12:32:30,rate_N_F,Deposition (ice),0.0009612332908356122,1.0
cs-eriswil__20260211_194236,2,20260211194619,1,20260211194427,same_shape,0,2023-01-25T12:30:00,2023-01-25T12:32:30,rate_N_F,Melting (ice),0.0,0.0
cs-eriswil__20260211_194236,2,20260211194619,1,20260211194427,same_shape,0,2023-01-25T12:30:00,2023-01-25T12:32:30,rate_N_F,Riming (ice),-1.0706808405873212e-05,0.0
cs-eriswil__20260211_194236,2,20260211194619,1,20260211194427,same_shape,0,2023-01-25T12:30:00,2023-01-25T12:32:30,rate_N_W,Breakup (liq),0.0,0.0
cs-eriswil__20260211_194236,2,20260211194619,1,20260211194427,same_shape,0,2023-01-25T12:30:00,2023-01-25T12:32:30,rate_N_W,Condensation (liq),-5496.889415119382,0.0
cs-eriswil__20260211_194236,2,20260211194619,1,20260211194427,same_shape,0,2023-01-25T12:30:00,2023-01-25T12:32:30,rate_N_W,Drop Collision (liq),-16.896589500549112,0.0
cs-eriswil__20260211_194236,2,20260211194619,1,20260211194427,same_shape,0,2023-01-25T12:30:00,2023-01-25T12:32:30,rate_N_W,Drop Ins Collision (liq),0.0,0.0
cs-eriswil__20260211_194236,2,20260211194619,1,20260211194427,same_shape,0,2023-01-25T12:30:00,2023-01-25T12:32:30,rate_N_W,Homogeneous Freezing (liq),0.0,0.0
cs-eriswil__20260211_194236,2,20260211194619,1,20260211194427,same_shape,0,2023-01-25T12:30:00,2023-01-25T12:32:30,rate_N_W,Immersion Freezing (liq),-5970.629925017723,0.0
cs-eriswil__20260211_194236,2,20260211194619,1,20260211194427,same_shape,0,2023-01-25T12:30:00,2023-01-25T12:32:30,rate_N_W,Melting (liq),0.0,0.0
cs-eriswil__20260211_194236,2,20260211194619,1,20260211194427,same_shape,0,2023-01-25T12:30:00,2023-01-25T12:32:30,rate_N_W,Riming (liq),197.23598673119704,1.0
cs-eriswil__20260211_194236,2,20260211194619,1,20260211194427,same_shape,1,2023-01-25T12:30:00,2023-01-25T12:32:30,rate_N_F,Aggregation (ice),0.0,0.0
cs-eriswil__20260211_194236,2,20260211194619,1,20260211194427,same_shape,1,2023-01-25T12:30:00,2023-01-25T12:32:30,rate_N_F,Contact Freezing (ice),0.0,0.0
cs-eriswil__20260211_194236,2,20260211194619,1,20260211194427,same_shape,1,2023-01-25T12:30:00,2023-01-25T12:32:30,rate_N_F,Deposition (ice),-0.004458750762732259,0.0
cs-eriswil__20260211_194236,2,20260211194619,1,20260211194427,same_shape,1,2023-01-25T12:30:00,2023-01-25T12:32:30,rate_N_F,Melting (ice),0.0,0.0
cs-eriswil__20260211_194236,2,20260211194619,1,20260211194427,same_shape,1,2023-01-25T12:30:00,2023-01-25T12:32:30,rate_N_F,Riming (ice),-0.0006007148969605389,0.0
cs-eriswil__20260211_194236,2,20260211194619,1,20260211194427,same_shape,1,2023-01-25T12:30:00,2023-01-25T12:32:30,rate_N_W,Breakup (liq),0.0,0.0
cs-eriswil__20260211_194236,2,20260211194619,1,20260211194427,same_shape,1,2023-01-25T12:30:00,2023-01-25T12:32:30,rate_N_W,Condensation (liq),-31594.050000970776,0.0
cs-eriswil__20260211_194236,2,20260211194619,1,20260211194427,same_shape,1,2023-01-25T12:30:00,2023-01-25T12:32:30,rate_N_W,Drop Collision (liq),-1.1122787782271644,0.0
cs-eriswil__20260211_194236,2,20260211194619,1,20260211194427,same_shape,1,2023-01-25T12:30:00,2023-01-25T12:32:30,rate_N_W,Drop Ins Collision (liq),0.0,0.0
cs-eriswil__20260211_194236,2,20260211194619,1,20260211194427,same_shape,1,2023-01-25T12:30:00,2023-01-25T12:32:30,rate_N_W,Homogeneous Freezing (liq),0.0,0.0
cs-eriswil__20260211_194236,2,20260211194619,1,20260211194427,same_shape,1,2023-01-25T12:30:00,2023-01-25T12:32:30,rate_N_W,Immersion Freezing (liq),0.0021993024453024535,1.0
cs-eriswil__20260211_194236,2,20260211194619,1,20260211194427,same_shape,1,2023-01-25T12:30:00,2023-01-25T12:32:30,rate_N_W,Melting (liq),0.0,0.0
cs-eriswil__20260211_194236,2,20260211194619,1,20260211194427,same_shape,1,2023-01-25T12:30:00,2023-01-25T12:32:30,rate_N_W,Riming (liq),-63.782308815429744,0.0
cs-eriswil__20260211_194236,2,20260211194619,1,20260211194427,same_shape,2,2023-01-25T12:30:00,2023-01-25T12:32:30,rate_N_F,Aggregation (ice),0.0,0.0
cs-eriswil__20260211_194236,2,20260211194619,1,20260211194427,same_shape,2,2023-01-25T12:30:00,2023-01-25T12:32:30,rate_N_F,Contact Freezing (ice),0.0,0.0
cs-eriswil__20260211_194236,2,20260211194619,1,20260211194427,same_shape,2,2023-01-25T12:30:00,2023-01-25T12:32:30,rate_N_F,Deposition (ice),0.00030136607120890353,1.0
cs-eriswil__20260211_194236,2,20260211194619,1,20260211194427,same_shape,2,2023-01-25T12:30:00,2023-01-25T12:32:30,rate_N_F,Melting (ice),0.0,0.0
cs-eriswil__20260211_194236,2,20260211194619,1,20260211194427,same_shape,2,2023-01-25T12:30:00,2023-01-25T12:32:30,rate_N_F,Riming (ice),-3.550614841620248e-06,0.0
cs-eriswil__20260211_194236,2,20260211194619,1,20260211194427,same_shape,2,2023-01-25T12:30:00,2023-01-25T12:32:30,rate_N_W,Breakup (liq),0.0,0.0
cs-eriswil__20260211_194236,2,20260211194619,1,20260211194427,same_shape,2,2023-01-25T12:30:00,2023-01-25T12:32:30,rate_N_W,Condensation (liq),-7300.608740062162,0.0
cs-eriswil__20260211_194236,2,20260211194619,1,20260211194427,same_shape,2,2023-01-25T12:30:00,2023-01-25T12:32:30,rate_N_W,Drop Collision (liq),1.728173298350157,0.9999946861790566
cs-eriswil__20260211_194236,2,20260211194619,1,20260211194427,same_shape,2,2023-01-25T12:30:00,2023-01-25T12:32:30,rate_N_W,Drop Ins Collision (liq),0.0,0.0
cs-eriswil__20260211_194236,2,20260211194619,1,20260211194427,same_shape,2,2023-01-25T12:30:00,2023-01-25T12:32:30,rate_N_W,Homogeneous Freezing (liq),0.0,0.0
cs-eriswil__20260211_194236,2,20260211194619,1,20260211194427,same_shape,2,2023-01-25T12:30:00,2023-01-25T12:32:30,rate_N_W,Immersion Freezing (liq),9.183252264617766e-06,5.313820943320051e-06
cs-eriswil__20260211_194236,2,20260211194619,1,20260211194427,same_shape,2,2023-01-25T12:30:00,2023-01-25T12:32:30,rate_N_W,Melting (liq),0.0,0.0
cs-eriswil__20260211_194236,2,20260211194619,1,20260211194427,same_shape,2,2023-01-25T12:30:00,2023-01-25T12:32:30,rate_N_W,Riming (liq),-4.3417516344565374,0.0
cs-eriswil__20260304_110254,0,20260304110446,2,20260304110829,same_shape,0,2023-01-25T12:30:00,2023-01-25T12:32:30,rate_N_F,Aggregation (ice),0.0,0.0
cs-eriswil__20260304_110254,0,20260304110446,2,20260304110829,same_shape,0,2023-01-25T12:30:00,2023-01-25T12:32:30,rate_N_F,Contact Freezing (ice),0.0,0.0
cs-eriswil__20260304_110254,0,20260304110446,2,20260304110829,same_shape,0,2023-01-25T12:30:00,2023-01-25T12:32:30,rate_N_F,Deposition (ice),-0.00010276961166149383,0.0
cs-eriswil__20260304_110254,0,20260304110446,2,20260304110829,same_shape,0,2023-01-25T12:30:00,2023-01-25T12:32:30,rate_N_F,Immersion Freezing (ice),0.0028318319700701977,0.9998500407537421
cs-eriswil__20260304_110254,0,20260304110446,2,20260304110829,same_shape,0,2023-01-25T12:30:00,2023-01-25T12:32:30,rate_N_F,Melting (ice),0.0,0.0
cs-eriswil__20260304_110254,0,20260304110446,2,20260304110829,same_shape,0,2023-01-25T12:30:00,2023-01-25T12:32:30,rate_N_F,Riming (ice),4.2472307891392304e-07,0.00014995924625803766
cs-eriswil__20260304_110254,0,20260304110446,2,20260304110829,same_shape,0,2023-01-25T12:30:00,2023-01-25T12:32:30,rate_N_W,Breakup (liq),0.0,0.0
cs-eriswil__20260304_110254,0,20260304110446,2,20260304110829,same_shape,0,2023-01-25T12:30:00,2023-01-25T12:32:30,rate_N_W,Condensation (liq),33480.31043596636,0.9996227556089572
cs-eriswil__20260304_110254,0,20260304110446,2,20260304110829,same_shape,0,2023-01-25T12:30:00,2023-01-25T12:32:30,rate_N_W,Drop Collision (liq),-0.419117227455331,0.0
cs-eriswil__20260304_110254,0,20260304110446,2,20260304110829,same_shape,0,2023-01-25T12:30:00,2023-01-25T12:32:30,rate_N_W,Drop Ins Collision (liq),0.0,0.0
cs-eriswil__20260304_110254,0,20260304110446,2,20260304110829,same_shape,0,2023-01-25T12:30:00,2023-01-25T12:32:30,rate_N_W,Homogeneous Freezing (liq),0.0,0.0
cs-eriswil__20260304_110254,0,20260304110446,2,20260304110829,same_shape,0,2023-01-25T12:30:00,2023-01-25T12:32:30,rate_N_W,Melting (liq),0.0,0.0
cs-eriswil__20260304_110254,0,20260304110446,2,20260304110829,same_shape,0,2023-01-25T12:30:00,2023-01-25T12:32:30,rate_N_W,Riming (liq),12.635025814964905,0.0003772443910429641
cs-eriswil__20260304_110254,0,20260304110446,2,20260304110829,same_shape,1,2023-01-25T12:30:00,2023-01-25T12:32:30,rate_N_F,Aggregation (ice),0.0,0.0
cs-eriswil__20260304_110254,0,20260304110446,2,20260304110829,same_shape,1,2023-01-25T12:30:00,2023-01-25T12:32:30,rate_N_F,Contact Freezing (ice),0.0,0.0
cs-eriswil__20260304_110254,0,20260304110446,2,20260304110829,same_shape,1,2023-01-25T12:30:00,2023-01-25T12:32:30,rate_N_F,Deposition (ice),0.0005031979415551756,0.8897176209439567
cs-eriswil__20260304_110254,0,20260304110446,2,20260304110829,same_shape,1,2023-01-25T12:30:00,2023-01-25T12:32:30,rate_N_F,Immersion Freezing (ice),0.0,0.0
cs-eriswil__20260304_110254,0,20260304110446,2,20260304110829,same_shape,1,2023-01-25T12:30:00,2023-01-25T12:32:30,rate_N_F,Melting (ice),0.0,0.0
cs-eriswil__20260304_110254,0,20260304110446,2,20260304110829,same_shape,1,2023-01-25T12:30:00,2023-01-25T12:32:30,rate_N_F,Riming (ice),6.23724480941849e-05,0.11028237905604335
cs-eriswil__20260304_110254,0,20260304110446,2,20260304110829,same_shape,1,2023-01-25T12:30:00,2023-01-25T12:32:30,rate_N_W,Breakup (liq),0.0,0.0
cs-eriswil__20260304_110254,0,20260304110446,2,20260304110829,same_shape,1,2023-01-25T12:30:00,2023-01-25T12:32:30,rate_N_W,Condensation (liq),47332.594749044685,0.9998514268295636
cs-eriswil__20260304_110254,0,20260304110446,2,20260304110829,same_shape,1,2023-01-25T12:30:00,2023-01-25T12:32:30,rate_N_W,Drop Collision (liq),-1.9838574163932208,0.0
cs-eriswil__20260304_110254,0,20260304110446,2,20260304110829,same_shape,1,2023-01-25T12:30:00,2023-01-25T12:32:30,rate_N_W,Drop Ins Collision (liq),0.0,0.0
cs-eriswil__20260304_110254,0,20260304110446,2,20260304110829,same_shape,1,2023-01-25T12:30:00,2023-01-25T12:32:30,rate_N_W,Homogeneous Freezing (liq),0.0,0.0
cs-eriswil__20260304_110254,0,20260304110446,2,20260304110829,same_shape,1,2023-01-25T12:30:00,2023-01-25T12:32:30,rate_N_W,Melting (liq),0.0,0.0
cs-eriswil__20260304_110254,0,20260304110446,2,20260304110829,same_shape,1,2023-01-25T12:30:00,2023-01-25T12:32:30,rate_N_W,Riming (liq),7.033398641181654,0.00014857317043639415
cs-eriswil__20260304_110254,0,20260304110446,2,20260304110829,same_shape,2,2023-01-25T12:30:00,2023-01-25T12:32:30,rate_N_F,Aggregation (ice),0.0,0.0
cs-eriswil__20260304_110254,0,20260304110446,2,20260304110829,same_shape,2,2023-01-25T12:30:00,2023-01-25T12:32:30,rate_N_F,Contact Freezing (ice),0.0,0.0
cs-eriswil__20260304_110254,0,20260304110446,2,20260304110829,same_shape,2,2023-01-25T12:30:00,2023-01-25T12:32:30,rate_N_F,Deposition (ice),0.0,0.0
cs-eriswil__20260304_110254,0,20260304110446,2,20260304110829,same_shape,2,2023-01-25T12:30:00,2023-01-25T12:32:30,rate_N_F,Immersion Freezing (ice),0.0,0.0
cs-eriswil__20260304_110254,0,20260304110446,2,20260304110829,same_shape,2,2023-01-25T12:30:00,2023-01-25T12:32:30,rate_N_F,Melting (ice),0.0,0.0
cs-eriswil__20260304_110254,0,20260304110446,2,20260304110829,same_shape,2,2023-01-25T12:30:00,2023-01-25T12:32:30,rate_N_F,Riming (ice),0.0,0.0
cs-eriswil__20260304_110254,0,20260304110446,2,20260304110829,same_shape,2,2023-01-25T12:30:00,2023-01-25T12:32:30,rate_N_W,Breakup (liq),0.0,0.0
cs-eriswil__20260304_110254,0,20260304110446,2,20260304110829,same_shape,2,2023-01-25T12:30:00,2023-01-25T12:32:30,rate_N_W,Condensation (liq),-3257.546344484872,0.0
cs-eriswil__20260304_110254,0,20260304110446,2,20260304110829,same_shape,2,2023-01-25T12:30:00,2023-01-25T12:32:30,rate_N_W,Drop Collision (liq),-1.8127290626088097,0.0
cs-eriswil__20260304_110254,0,20260304110446,2,20260304110829,same_shape,2,2023-01-25T12:30:00,2023-01-25T12:32:30,rate_N_W,Drop Ins Collision (liq),0.0,0.0
cs-eriswil__20260304_110254,0,20260304110446,2,20260304110829,same_shape,2,2023-01-25T12:30:00,2023-01-25T12:32:30,rate_N_W,Homogeneous Freezing (liq),0.0,0.0
cs-eriswil__20260304_110254,0,20260304110446,2,20260304110829,same_shape,2,2023-01-25T12:30:00,2023-01-25T12:32:30,rate_N_W,Melting (liq),0.0,0.0
cs-eriswil__20260304_110254,0,20260304110446,2,20260304110829,same_shape,2,2023-01-25T12:30:00,2023-01-25T12:32:30,rate_N_W,Riming (liq),0.0,0.0
cs-eriswil__20260304_110254,1,20260304110638,2,20260304110829,single_reference,0,2023-01-25T12:30:00,2023-01-25T12:32:30,rate_N_F,Aggregation (ice),0.0,0.0
cs-eriswil__20260304_110254,1,20260304110638,2,20260304110829,single_reference,0,2023-01-25T12:30:00,2023-01-25T12:32:30,rate_N_F,Contact Freezing (ice),0.0,0.0
cs-eriswil__20260304_110254,1,20260304110638,2,20260304110829,single_reference,0,2023-01-25T12:30:00,2023-01-25T12:32:30,rate_N_F,Deposition (ice),0.000929388156976304,1.0
cs-eriswil__20260304_110254,1,20260304110638,2,20260304110829,single_reference,0,2023-01-25T12:30:00,2023-01-25T12:32:30,rate_N_F,Immersion Freezing (ice),-5970.624842715796,0.0
cs-eriswil__20260304_110254,1,20260304110638,2,20260304110829,single_reference,0,2023-01-25T12:30:00,2023-01-25T12:32:30,rate_N_F,Melting (ice),0.0,0.0
cs-eriswil__20260304_110254,1,20260304110638,2,20260304110829,single_reference,0,2023-01-25T12:30:00,2023-01-25T12:32:30,rate_N_F,Riming (ice),-1.0154040044289612e-05,0.0
cs-eriswil__20260304_110254,1,20260304110638,2,20260304110829,single_reference,0,2023-01-25T12:30:00,2023-01-25T12:32:30,rate_N_W,Breakup (liq),0.0,0.0
cs-eriswil__20260304_110254,1,20260304110638,2,20260304110829,single_reference,0,2023-01-25T12:30:00,2023-01-25T12:32:30,rate_N_W,Condensation (liq),-34407.0062706209,0.0
cs-eriswil__20260304_110254,1,20260304110638,2,20260304110829,single_reference,0,2023-01-25T12:30:00,2023-01-25T12:32:30,rate_N_W,Drop Collision (liq),-17.023534852899843,0.0
cs-eriswil__20260304_110254,1,20260304110638,2,20260304110829,single_reference,0,2023-01-25T12:30:00,2023-01-25T12:32:30,rate_N_W,Drop Ins Collision (liq),0.0,0.0
cs-eriswil__20260304_110254,1,20260304110638,2,20260304110829,single_reference,0,2023-01-25T12:30:00,2023-01-25T12:32:30,rate_N_W,Homogeneous Freezing (liq),0.0,0.0
cs-eriswil__20260304_110254,1,20260304110638,2,20260304110829,single_reference,0,2023-01-25T12:30:00,2023-01-25T12:32:30,rate_N_W,Melting (liq),0.0,0.0
cs-eriswil__20260304_110254,1,20260304110638,2,20260304110829,single_reference,0,2023-01-25T12:30:00,2023-01-25T12:32:30,rate_N_W,Riming (liq),209.80820613783402,1.0
cs-eriswil__20260304_110254,1,20260304110638,2,20260304110829,single_reference,1,2023-01-25T12:30:00,2023-01-25T12:32:30,rate_N_F,Aggregation (ice),0.0,0.0
cs-eriswil__20260304_110254,1,20260304110638,2,20260304110829,single_reference,1,2023-01-25T12:30:00,2023-01-25T12:32:30,rate_N_F,Contact Freezing (ice),0.0,0.0
cs-eriswil__20260304_110254,1,20260304110638,2,20260304110829,single_reference,1,2023-01-25T12:30:00,2023-01-25T12:32:30,rate_N_F,Deposition (ice),-0.00393831152242352,0.0
cs-eriswil__20260304_110254,1,20260304110638,2,20260304110829,single_reference,1,2023-01-25T12:30:00,2023-01-25T12:32:30,rate_N_F,Immersion Freezing (ice),0.0022111215105328937,1.0
cs-eriswil__20260304_110254,1,20260304110638,2,20260304110829,single_reference,1,2023-01-25T12:30:00,2023-01-25T12:32:30,rate_N_F,Melting (ice),0.0,0.0
cs-eriswil__20260304_110254,1,20260304110638,2,20260304110829,single_reference,1,2023-01-25T12:30:00,2023-01-25T12:32:30,rate_N_F,Riming (ice),-0.0005315306441088666,0.0
cs-eriswil__20260304_110254,1,20260304110638,2,20260304110829,single_reference,1,2023-01-25T12:30:00,2023-01-25T12:32:30,rate_N_W,Breakup (liq),0.0,0.0
cs-eriswil__20260304_110254,1,20260304110638,2,20260304110829,single_reference,1,2023-01-25T12:30:00,2023-01-25T12:32:30,rate_N_W,Condensation (liq),49651.976699689054,0.9999825769718012
cs-eriswil__20260304_110254,1,20260304110638,2,20260304110829,single_reference,1,2023-01-25T12:30:00,2023-01-25T12:32:30,rate_N_W,Drop Collision (liq),0.8651028628839867,1.7423028198952436e-05
cs-eriswil__20260304_110254,1,20260304110638,2,20260304110829,single_reference,1,2023-01-25T12:30:00,2023-01-25T12:32:30,rate_N_W,Drop Ins Collision (liq),0.0,0.0
cs-eriswil__20260304_110254,1,20260304110638,2,20260304110829,single_reference,1,2023-01-25T12:30:00,2023-01-25T12:32:30,rate_N_W,Homogeneous Freezing (liq),0.0,0.0
cs-eriswil__20260304_110254,1,20260304110638,2,20260304110829,single_reference,1,2023-01-25T12:30:00,2023-01-25T12:32:30,rate_N_W,Melting (liq),0.0,0.0
cs-eriswil__20260304_110254,1,20260304110638,2,20260304110829,single_reference,1,2023-01-25T12:30:00,2023-01-25T12:32:30,rate_N_W,Riming (liq),-57.17129091639632,0.0
cs-eriswil__20260304_110254,1,20260304110638,2,20260304110829,single_reference,2,2023-01-25T12:30:00,2023-01-25T12:32:30,rate_N_F,Aggregation (ice),0.0,0.0
cs-eriswil__20260304_110254,1,20260304110638,2,20260304110829,single_reference,2,2023-01-25T12:30:00,2023-01-25T12:32:30,rate_N_F,Contact Freezing (ice),0.0,0.0
cs-eriswil__20260304_110254,1,20260304110638,2,20260304110829,single_reference,2,2023-01-25T12:30:00,2023-01-25T12:32:30,rate_N_F,Deposition (ice),0.0003030701256290213,0.9698227650218592
cs-eriswil__20260304_110254,1,20260304110638,2,20260304110829,single_reference,2,2023-01-25T12:30:00,2023-01-25T12:32:30,rate_N_F,Immersion Freezing (ice),9.430401848481582e-06,0.030177234978140902
cs-eriswil__20260304_110254,1,20260304110638,2,20260304110829,single_reference,2,2023-01-25T12:30:00,2023-01-25T12:32:30,rate_N_F,Melting (ice),0.0,0.0
cs-eriswil__20260304_110254,1,20260304110638,2,20260304110829,single_reference,2,2023-01-25T12:30:00,2023-01-25T12:32:30,rate_N_F,Riming (ice),-3.5702384650234584e-06,0.0
cs-eriswil__20260304_110254,1,20260304110638,2,20260304110829,single_reference,2,2023-01-25T12:30:00,2023-01-25T12:32:30,rate_N_W,Breakup (liq),0.0,0.0
cs-eriswil__20260304_110254,1,20260304110638,2,20260304110829,single_reference,2,2023-01-25T12:30:00,2023-01-25T12:32:30,rate_N_W,Condensation (liq),-48072.149264446736,0.0
cs-eriswil__20260304_110254,1,20260304110638,2,20260304110829,single_reference,2,2023-01-25T12:30:00,2023-01-25T12:32:30,rate_N_W,Drop Collision (liq),-0.35096056076281457,0.0
cs-eriswil__20260304_110254,1,20260304110638,2,20260304110829,single_reference,2,2023-01-25T12:30:00,2023-01-25T12:32:30,rate_N_W,Drop Ins Collision (liq),0.0,0.0
cs-eriswil__20260304_110254,1,20260304110638,2,20260304110829,single_reference,2,2023-01-25T12:30:00,2023-01-25T12:32:30,rate_N_W,Homogeneous Freezing (liq),0.0,0.0
cs-eriswil__20260304_110254,1,20260304110638,2,20260304110829,single_reference,2,2023-01-25T12:30:00,2023-01-25T12:32:30,rate_N_W,Melting (liq),0.0,0.0
cs-eriswil__20260304_110254,1,20260304110638,2,20260304110829,single_reference,2,2023-01-25T12:30:00,2023-01-25T12:32:30,rate_N_W,Riming (liq),-4.364157760103472,0.0
cs-eriswil__20260304_110254,3,20260304111020,2,20260304110829,same_shape,0,2023-01-25T12:30:00,2023-01-25T12:32:30,rate_N_F,Aggregation (ice),0.0,0.0
cs-eriswil__20260304_110254,3,20260304111020,2,20260304110829,same_shape,0,2023-01-25T12:30:00,2023-01-25T12:32:30,rate_N_F,Contact Freezing (ice),0.0,0.0
cs-eriswil__20260304_110254,3,20260304111020,2,20260304110829,same_shape,0,2023-01-25T12:30:00,2023-01-25T12:32:30,rate_N_F,Deposition (ice),-0.0001005886117241666,0.0
cs-eriswil__20260304_110254,3,20260304111020,2,20260304110829,same_shape,0,2023-01-25T12:30:00,2023-01-25T12:32:30,rate_N_F,Immersion Freezing (ice),-5373.55094530592,0.0
cs-eriswil__20260304_110254,3,20260304111020,2,20260304110829,same_shape,0,2023-01-25T12:30:00,2023-01-25T12:32:30,rate_N_F,Melting (ice),0.0,0.0
cs-eriswil__20260304_110254,3,20260304111020,2,20260304110829,same_shape,0,2023-01-25T12:30:00,2023-01-25T12:32:30,rate_N_F,Riming (ice),3.0793277786058065e-09,1.0
cs-eriswil__20260304_110254,3,20260304111020,2,20260304110829,same_shape,0,2023-01-25T12:30:00,2023-01-25T12:32:30,rate_N_W,Breakup (liq),0.0,0.0
cs-eriswil__20260304_110254,3,20260304111020,2,20260304110829,same_shape,0,2023-01-25T12:30:00,2023-01-25T12:32:30,rate_N_W,Condensation (liq),679.4213044726348,0.7832635543310853
cs-eriswil__20260304_110254,3,20260304111020,2,20260304110829,same_shape,0,2023-01-25T12:30:00,2023-01-25T12:32:30,rate_N_W,Drop Collision (liq),-15.027372100601042,0.0
cs-eriswil__20260304_110254,3,20260304111020,2,20260304110829,same_shape,0,2023-01-25T12:30:00,2023-01-25T12:32:30,rate_N_W,Drop Ins Collision (liq),0.0,0.0
cs-eriswil__20260304_110254,3,20260304111020,2,20260304110829,same_shape,0,2023-01-25T12:30:00,2023-01-25T12:32:30,rate_N_W,Homogeneous Freezing (liq),0.0,0.0
cs-eriswil__20260304_110254,3,20260304111020,2,20260304110829,same_shape,0,2023-01-25T12:30:00,2023-01-25T12:32:30,rate_N_W,Melting (liq),0.0,0.0
cs-eriswil__20260304_110254,3,20260304111020,2,20260304110829,same_shape,0,2023-01-25T12:30:00,2023-01-25T12:32:30,rate_N_W,Riming (liq),188.0023113917177,0.21673644566891462
cs-eriswil__20260304_110254,3,20260304111020,2,20260304110829,same_shape,1,2023-01-25T12:30:00,2023-01-25T12:32:30,rate_N_F,Aggregation (ice),0.0,0.0
cs-eriswil__20260304_110254,3,20260304111020,2,20260304110829,same_shape,1,2023-01-25T12:30:00,2023-01-25T12:32:30,rate_N_F,Contact Freezing (ice),0.0,0.0
cs-eriswil__20260304_110254,3,20260304111020,2,20260304110829,same_shape,1,2023-01-25T12:30:00,2023-01-25T12:32:30,rate_N_F,Deposition (ice),2.1336542544161344e-06,1.0
cs-eriswil__20260304_110254,3,20260304111020,2,20260304110829,same_shape,1,2023-01-25T12:30:00,2023-01-25T12:32:30,rate_N_F,Immersion Freezing (ice),0.0,0.0
cs-eriswil__20260304_110254,3,20260304111020,2,20260304110829,same_shape,1,2023-01-25T12:30:00,2023-01-25T12:32:30,rate_N_F,Melting (ice),0.0,0.0
cs-eriswil__20260304_110254,3,20260304111020,2,20260304110829,same_shape,1,2023-01-25T12:30:00,2023-01-25T12:32:30,rate_N_F,Riming (ice),-7.673775450268728e-07,0.0
cs-eriswil__20260304_110254,3,20260304111020,2,20260304110829,same_shape,1,2023-01-25T12:30:00,2023-01-25T12:32:30,rate_N_W,Breakup (liq),0.0,0.0
cs-eriswil__20260304_110254,3,20260304111020,2,20260304110829,same_shape,1,2023-01-25T12:30:00,2023-01-25T12:32:30,rate_N_W,Condensation (liq),16612.980686362775,0.999997494548383
cs-eriswil__20260304_110254,3,20260304111020,2,20260304110829,same_shape,1,2023-01-25T12:30:00,2023-01-25T12:32:30,rate_N_W,Drop Collision (liq),-2.99471638502132,0.0
cs-eriswil__20260304_110254,3,20260304111020,2,20260304110829,same_shape,1,2023-01-25T12:30:00,2023-01-25T12:32:30,rate_N_W,Drop Ins Collision (liq),0.0,0.0
cs-eriswil__20260304_110254,3,20260304111020,2,20260304110829,same_shape,1,2023-01-25T12:30:00,2023-01-25T12:32:30,rate_N_W,Homogeneous Freezing (liq),0.0,0.0
cs-eriswil__20260304_110254,3,20260304111020,2,20260304110829,same_shape,1,2023-01-25T12:30:00,2023-01-25T12:32:30,rate_N_W,Melting (liq),0.0,0.0
cs-eriswil__20260304_110254,3,20260304111020,2,20260304110829,same_shape,1,2023-01-25T12:30:00,2023-01-25T12:32:30,rate_N_W,Riming (liq),0.04162312360915976,2.505451617036118e-06
cs-eriswil__20260304_110254,3,20260304111020,2,20260304110829,same_shape,2,2023-01-25T12:30:00,2023-01-25T12:32:30,rate_N_F,Aggregation (ice),0.0,0.0
cs-eriswil__20260304_110254,3,20260304111020,2,20260304110829,same_shape,2,2023-01-25T12:30:00,2023-01-25T12:32:30,rate_N_F,Contact Freezing (ice),0.0,0.0
cs-eriswil__20260304_110254,3,20260304111020,2,20260304110829,same_shape,2,2023-01-25T12:30:00,2023-01-25T12:32:30,rate_N_F,Deposition (ice),0.0,0.0
cs-eriswil__20260304_110254,3,20260304111020,2,20260304110829,same_shape,2,2023-01-25T12:30:00,2023-01-25T12:32:30,rate_N_F,Immersion Freezing (ice),0.0,0.0
cs-eriswil__20260304_110254,3,20260304111020,2,20260304110829,same_shape,2,2023-01-25T12:30:00,2023-01-25T12:32:30,rate_N_F,Melting (ice),0.0,0.0
cs-eriswil__20260304_110254,3,20260304111020,2,20260304110829,same_shape,2,2023-01-25T12:30:00,2023-01-25T12:32:30,rate_N_F,Riming (ice),0.0,0.0
cs-eriswil__20260304_110254,3,20260304111020,2,20260304110829,same_shape,2,2023-01-25T12:30:00,2023-01-25T12:32:30,rate_N_W,Breakup (liq),0.0,0.0
cs-eriswil__20260304_110254,3,20260304111020,2,20260304110829,same_shape,2,2023-01-25T12:30:00,2023-01-25T12:32:30,rate_N_W,Condensation (liq),41680.144559224456,1.0
cs-eriswil__20260304_110254,3,20260304111020,2,20260304110829,same_shape,2,2023-01-25T12:30:00,2023-01-25T12:32:30,rate_N_W,Drop Collision (liq),-1.7365005041539234,0.0
cs-eriswil__20260304_110254,3,20260304111020,2,20260304110829,same_shape,2,2023-01-25T12:30:00,2023-01-25T12:32:30,rate_N_W,Drop Ins Collision (liq),0.0,0.0
cs-eriswil__20260304_110254,3,20260304111020,2,20260304110829,same_shape,2,2023-01-25T12:30:00,2023-01-25T12:32:30,rate_N_W,Homogeneous Freezing (liq),0.0,0.0
cs-eriswil__20260304_110254,3,20260304111020,2,20260304110829,same_shape,2,2023-01-25T12:30:00,2023-01-25T12:32:30,rate_N_W,Melting (liq),0.0,0.0
cs-eriswil__20260304_110254,3,20260304111020,2,20260304110829,same_shape,2,2023-01-25T12:30:00,2023-01-25T12:32:30,rate_N_W,Riming (liq),0.0,0.0
cs-eriswil__20260304_110254,4,20260304111212,2,20260304110829,same_shape,0,2023-01-25T12:30:00,2023-01-25T12:32:30,rate_N_F,Aggregation (ice),0.0,0.0
cs-eriswil__20260304_110254,4,20260304111212,2,20260304110829,same_shape,0,2023-01-25T12:30:00,2023-01-25T12:32:30,rate_N_F,Contact Freezing (ice),0.0,0.0
cs-eriswil__20260304_110254,4,20260304111212,2,20260304110829,same_shape,0,2023-01-25T12:30:00,2023-01-25T12:32:30,rate_N_F,Deposition (ice),-9.372250794630986e-05,0.0
cs-eriswil__20260304_110254,4,20260304111212,2,20260304110829,same_shape,0,2023-01-25T12:30:00,2023-01-25T12:32:30,rate_N_F,Immersion Freezing (ice),-5373.550973367697,0.0
cs-eriswil__20260304_110254,4,20260304111212,2,20260304110829,same_shape,0,2023-01-25T12:30:00,2023-01-25T12:32:30,rate_N_F,Melting (ice),0.0,0.0
cs-eriswil__20260304_110254,4,20260304111212,2,20260304110829,same_shape,0,2023-01-25T12:30:00,2023-01-25T12:32:30,rate_N_F,Riming (ice),-4.9429077352262395e-09,0.0
cs-eriswil__20260304_110254,4,20260304111212,2,20260304110829,same_shape,0,2023-01-25T12:30:00,2023-01-25T12:32:30,rate_N_W,Breakup (liq),0.0,0.0
cs-eriswil__20260304_110254,4,20260304111212,2,20260304110829,same_shape,0,2023-01-25T12:30:00,2023-01-25T12:32:30,rate_N_W,Condensation (liq),8094.614816920046,0.9773013504930455
cs-eriswil__20260304_110254,4,20260304111212,2,20260304110829,same_shape,0,2023-01-25T12:30:00,2023-01-25T12:32:30,rate_N_W,Drop Collision (liq),-17.017884489504013,0.0
cs-eriswil__20260304_110254,4,20260304111212,2,20260304110829,same_shape,0,2023-01-25T12:30:00,2023-01-25T12:32:30,rate_N_W,Drop Ins Collision (liq),0.0,0.0
cs-eriswil__20260304_110254,4,20260304111212,2,20260304110829,same_shape,0,2023-01-25T12:30:00,2023-01-25T12:32:30,rate_N_W,Homogeneous Freezing (liq),0.0,0.0
cs-eriswil__20260304_110254,4,20260304111212,2,20260304110829,same_shape,0,2023-01-25T12:30:00,2023-01-25T12:32:30,rate_N_W,Melting (liq),0.0,0.0
cs-eriswil__20260304_110254,4,20260304111212,2,20260304110829,same_shape,0,2023-01-25T12:30:00,2023-01-25T12:32:30,rate_N_W,Riming (liq),188.00426759911306,0.02269864950695454
cs-eriswil__20260304_110254,4,20260304111212,2,20260304110829,same_shape,1,2023-01-25T12:30:00,2023-01-25T12:32:30,rate_N_F,Aggregation (ice),0.0,0.0
cs-eriswil__20260304_110254,4,20260304111212,2,20260304110829,same_shape,1,2023-01-25T12:30:00,2023-01-25T12:32:30,rate_N_F,Contact Freezing (ice),0.0,0.0
cs-eriswil__20260304_110254,4,20260304111212,2,20260304110829,same_shape,1,2023-01-25T12:30:00,2023-01-25T12:32:30,rate_N_F,Deposition (ice),1.1810303732133313e-06,1.0
cs-eriswil__20260304_110254,4,20260304111212,2,20260304110829,same_shape,1,2023-01-25T12:30:00,2023-01-25T12:32:30,rate_N_F,Immersion Freezing (ice),0.0,0.0
cs-eriswil__20260304_110254,4,20260304111212,2,20260304110829,same_shape,1,2023-01-25T12:30:00,2023-01-25T12:32:30,rate_N_F,Melting (ice),0.0,0.0
cs-eriswil__20260304_110254,4,20260304111212,2,20260304110829,same_shape,1,2023-01-25T12:30:00,2023-01-25T12:32:30,rate_N_F,Riming (ice),-1.132262501734964e-06,0.0
cs-eriswil__20260304_110254,4,20260304111212,2,20260304110829,same_shape,1,2023-01-25T12:30:00,2023-01-25T12:32:30,rate_N_W,Breakup (liq),0.0,0.0
cs-eriswil__20260304_110254,4,20260304111212,2,20260304110829,same_shape,1,2023-01-25T12:30:00,2023-01-25T12:32:30,rate_N_W,Condensation (liq),-11077.750156504335,0.0
cs-eriswil__20260304_110254,4,20260304111212,2,20260304110829,same_shape,1,2023-01-25T12:30:00,2023-01-25T12:32:30,rate_N_W,Drop Collision (liq),0.8543589941107257,1.0
cs-eriswil__20260304_110254,4,20260304111212,2,20260304110829,same_shape,1,2023-01-25T12:30:00,2023-01-25T12:32:30,rate_N_W,Drop Ins Collision (liq),0.0,0.0
cs-eriswil__20260304_110254,4,20260304111212,2,20260304110829,same_shape,1,2023-01-25T12:30:00,2023-01-25T12:32:30,rate_N_W,Homogeneous Freezing (liq),0.0,0.0
cs-eriswil__20260304_110254,4,20260304111212,2,20260304110829,same_shape,1,2023-01-25T12:30:00,2023-01-25T12:32:30,rate_N_W,Melting (liq),0.0,0.0
cs-eriswil__20260304_110254,4,20260304111212,2,20260304110829,same_shape,1,2023-01-25T12:30:00,2023-01-25T12:32:30,rate_N_W,Riming (liq),-0.15641521688558946,0.0
cs-eriswil__20260304_110254,4,20260304111212,2,20260304110829,same_shape,2,2023-01-25T12:30:00,2023-01-25T12:32:30,rate_N_F,Aggregation (ice),0.0,0.0
cs-eriswil__20260304_110254,4,20260304111212,2,20260304110829,same_shape,2,2023-01-25T12:30:00,2023-01-25T12:32:30,rate_N_F,Contact Freezing (ice),0.0,0.0
cs-eriswil__20260304_110254,4,20260304111212,2,20260304110829,same_shape,2,2023-01-25T12:30:00,2023-01-25T12:32:30,rate_N_F,Deposition (ice),0.0,0.0
cs-eriswil__20260304_110254,4,20260304111212,2,20260304110829,same_shape,2,2023-01-25T12:30:00,2023-01-25T12:32:30,rate_N_F,Immersion Freezing (ice),0.0,0.0
cs-eriswil__20260304_110254,4,20260304111212,2,20260304110829,same_shape,2,2023-01-25T12:30:00,2023-01-25T12:32:30,rate_N_F,Melting (ice),0.0,0.0
cs-eriswil__20260304_110254,4,20260304111212,2,20260304110829,same_shape,2,2023-01-25T12:30:00,2023-01-25T12:32:30,rate_N_F,Riming (ice),0.0,0.0
cs-eriswil__20260304_110254,4,20260304111212,2,20260304110829,same_shape,2,2023-01-25T12:30:00,2023-01-25T12:32:30,rate_N_W,Breakup (liq),0.0,0.0
cs-eriswil__20260304_110254,4,20260304111212,2,20260304110829,same_shape,2,2023-01-25T12:30:00,2023-01-25T12:32:30,rate_N_W,Condensation (liq),18759.85396856125,1.0
cs-eriswil__20260304_110254,4,20260304111212,2,20260304110829,same_shape,2,2023-01-25T12:30:00,2023-01-25T12:32:30,rate_N_W,Drop Collision (liq),-1.540088463618872,0.0
cs-eriswil__20260304_110254,4,20260304111212,2,20260304110829,same_shape,2,2023-01-25T12:30:00,2023-01-25T12:32:30,rate_N_W,Drop Ins Collision (liq),0.0,0.0
cs-eriswil__20260304_110254,4,20260304111212,2,20260304110829,same_shape,2,2023-01-25T12:30:00,2023-01-25T12:32:30,rate_N_W,Homogeneous Freezing (liq),0.0,0.0
cs-eriswil__20260304_110254,4,20260304111212,2,20260304110829,same_shape,2,2023-01-25T12:30:00,2023-01-25T12:32:30,rate_N_W,Melting (liq),0.0,0.0
cs-eriswil__20260304_110254,4,20260304111212,2,20260304110829,same_shape,2,2023-01-25T12:30:00,2023-01-25T12:32:30,rate_N_W,Riming (liq),0.0,0.0
cs-eriswil__20260314_103039,1,20260314103041,0,20260314103040,same_shape,0,2023-01-25T12:30:00,2023-01-25T12:32:30,rate_N_F,Aggregation (ice),,0.0
cs-eriswil__20260314_103039,1,20260314103041,0,20260314103040,same_shape,0,2023-01-25T12:30:00,2023-01-25T12:32:30,rate_N_F,Contact Freezing (ice),,0.0
cs-eriswil__20260314_103039,1,20260314103041,0,20260314103040,same_shape,0,2023-01-25T12:30:00,2023-01-25T12:32:30,rate_N_F,Deposition (ice),,0.0
cs-eriswil__20260314_103039,1,20260314103041,0,20260314103040,same_shape,0,2023-01-25T12:30:00,2023-01-25T12:32:30,rate_N_F,Melting (ice),,0.0
cs-eriswil__20260314_103039,1,20260314103041,0,20260314103040,same_shape,0,2023-01-25T12:30:00,2023-01-25T12:32:30,rate_N_F,Riming (ice),,0.0
cs-eriswil__20260314_103039,1,20260314103041,0,20260314103040,same_shape,0,2023-01-25T12:30:00,2023-01-25T12:32:30,rate_N_W,Breakup (liq),,0.0
cs-eriswil__20260314_103039,1,20260314103041,0,20260314103040,same_shape,0,2023-01-25T12:30:00,2023-01-25T12:32:30,rate_N_W,Condensation (liq),,0.0
cs-eriswil__20260314_103039,1,20260314103041,0,20260314103040,same_shape,0,2023-01-25T12:30:00,2023-01-25T12:32:30,rate_N_W,Drop Collision (liq),,0.0
cs-eriswil__20260314_103039,1,20260314103041,0,20260314103040,same_shape,0,2023-01-25T12:30:00,2023-01-25T12:32:30,rate_N_W,Drop Ins Collision (liq),,0.0
cs-eriswil__20260314_103039,1,20260314103041,0,20260314103040,same_shape,0,2023-01-25T12:30:00,2023-01-25T12:32:30,rate_N_W,Homogeneous Freezing (liq),,0.0
cs-eriswil__20260314_103039,1,20260314103041,0,20260314103040,same_shape,0,2023-01-25T12:30:00,2023-01-25T12:32:30,rate_N_W,Immersion Freezing (liq),,0.0
cs-eriswil__20260314_103039,1,20260314103041,0,20260314103040,same_shape,0,2023-01-25T12:30:00,2023-01-25T12:32:30,rate_N_W,Melting (liq),,0.0
cs-eriswil__20260314_103039,1,20260314103041,0,20260314103040,same_shape,0,2023-01-25T12:30:00,2023-01-25T12:32:30,rate_N_W,Riming (liq),,0.0
cs-eriswil__20260314_103039,1,20260314103041,0,20260314103040,same_shape,1,2023-01-25T12:30:00,2023-01-25T12:32:30,rate_N_F,Aggregation (ice),,0.0
cs-eriswil__20260314_103039,1,20260314103041,0,20260314103040,same_shape,1,2023-01-25T12:30:00,2023-01-25T12:32:30,rate_N_F,Contact Freezing (ice),,0.0
cs-eriswil__20260314_103039,1,20260314103041,0,20260314103040,same_shape,1,2023-01-25T12:30:00,2023-01-25T12:32:30,rate_N_F,Deposition (ice),,0.0
cs-eriswil__20260314_103039,1,20260314103041,0,20260314103040,same_shape,1,2023-01-25T12:30:00,2023-01-25T12:32:30,rate_N_F,Melting (ice),,0.0
cs-eriswil__20260314_103039,1,20260314103041,0,20260314103040,same_shape,1,2023-01-25T12:30:00,2023-01-25T12:32:30,rate_N_F,Riming (ice),,0.0
cs-eriswil__20260314_103039,1,20260314103041,0,20260314103040,same_shape,1,2023-01-25T12:30:00,2023-01-25T12:32:30,rate_N_W,Breakup (liq),,0.0
cs-eriswil__20260314_103039,1,20260314103041,0,20260314103040,same_shape,1,2023-01-25T12:30:00,2023-01-25T12:32:30,rate_N_W,Condensation (liq),,0.0
cs-eriswil__20260314_103039,1,20260314103041,0,20260314103040,same_shape,1,2023-01-25T12:30:00,2023-01-25T12:32:30,rate_N_W,Drop Collision (liq),,0.0
cs-eriswil__20260314_103039,1,20260314103041,0,20260314103040,same_shape,1,2023-01-25T12:30:00,2023-01-25T12:32:30,rate_N_W,Drop Ins Collision (liq),,0.0
cs-eriswil__20260314_103039,1,20260314103041,0,20260314103040,same_shape,1,2023-01-25T12:30:00,2023-01-25T12:32:30,rate_N_W,Homogeneous Freezing (liq),,0.0
cs-eriswil__20260314_103039,1,20260314103041,0,20260314103040,same_shape,1,2023-01-25T12:30:00,2023-01-25T12:32:30,rate_N_W,Immersion Freezing (liq),,0.0
cs-eriswil__20260314_103039,1,20260314103041,0,20260314103040,same_shape,1,2023-01-25T12:30:00,2023-01-25T12:32:30,rate_N_W,Melting (liq),,0.0
cs-eriswil__20260314_103039,1,20260314103041,0,20260314103040,same_shape,1,2023-01-25T12:30:00,2023-01-25T12:32:30,rate_N_W,Riming (liq),,0.0
cs-eriswil__20260314_103039,1,20260314103041,0,20260314103040,same_shape,2,2023-01-25T12:30:00,2023-01-25T12:32:30,rate_N_F,Aggregation (ice),,0.0
cs-eriswil__20260314_103039,1,20260314103041,0,20260314103040,same_shape,2,2023-01-25T12:30:00,2023-01-25T12:32:30,rate_N_F,Contact Freezing (ice),,0.0
cs-eriswil__20260314_103039,1,20260314103041,0,20260314103040,same_shape,2,2023-01-25T12:30:00,2023-01-25T12:32:30,rate_N_F,Deposition (ice),,0.0
cs-eriswil__20260314_103039,1,20260314103041,0,20260314103040,same_shape,2,2023-01-25T12:30:00,2023-01-25T12:32:30,rate_N_F,Melting (ice),,0.0
cs-eriswil__20260314_103039,1,20260314103041,0,20260314103040,same_shape,2,2023-01-25T12:30:00,2023-01-25T12:32:30,rate_N_F,Riming (ice),,0.0
cs-eriswil__20260314_103039,1,20260314103041,0,20260314103040,same_shape,2,2023-01-25T12:30:00,2023-01-25T12:32:30,rate_N_W,Breakup (liq),,0.0
cs-eriswil__20260314_103039,1,20260314103041,0,20260314103040,same_shape,2,2023-01-25T12:30:00,2023-01-25T12:32:30,rate_N_W,Condensation (liq),,0.0
cs-eriswil__20260314_103039,1,20260314103041,0,20260314103040,same_shape,2,2023-01-25T12:30:00,2023-01-25T12:32:30,rate_N_W,Drop Collision (liq),,0.0
cs-eriswil__20260314_103039,1,20260314103041,0,20260314103040,same_shape,2,2023-01-25T12:30:00,2023-01-25T12:32:30,rate_N_W,Drop Ins Collision (liq),,0.0
cs-eriswil__20260314_103039,1,20260314103041,0,20260314103040,same_shape,2,2023-01-25T12:30:00,2023-01-25T12:32:30,rate_N_W,Homogeneous Freezing (liq),,0.0
cs-eriswil__20260314_103039,1,20260314103041,0,20260314103040,same_shape,2,2023-01-25T12:30:00,2023-01-25T12:32:30,rate_N_W,Immersion Freezing (liq),,0.0
cs-eriswil__20260314_103039,1,20260314103041,0,20260314103040,same_shape,2,2023-01-25T12:30:00,2023-01-25T12:32:30,rate_N_W,Melting (liq),,0.0
cs-eriswil__20260314_103039,1,20260314103041,0,20260314103040,same_shape,2,2023-01-25T12:30:00,2023-01-25T12:32:30,rate_N_W,Riming (liq),,0.0
